Professor_ID,Professor_Name,Email,Department_ID,Hire_Year
P001,James Anderson,james.anderson@campus.edu,D001,2012
P002,Emily Johnson,emily.johnson@faculty.univ.edu,D001,2008
P003,Michael Williams,michael.williams@campus.edu,D001,2017
P004,Sophia Brown,sophia.brown@university.edu,D001,2009
P005,Daniel Jones,daniel.jones@university.edu,D002,2007
P006,Olivia Garcia,olivia.garcia@faculty.univ.edu,D002,2017
P007,William Miller,william.miller@university.edu,D002,2014
P008,Ava Davis,ava.davis@faculty.univ.edu,D002,2012
P009,Alexander Wilson,alexander.wilson@campus.edu,D003,2022
P010,Isabella Moore,isabella.moore@university.edu,D003,2013
P011,Benjamin Taylor,benjamin.taylor@campus.edu,D003,2008
P012,Mia Anderson,mia.anderson@university.edu,D003,2011
P013,Henry Thomas,henry.thomas@campus.edu,D004,2013
P014,Charlotte Jackson,charlotte.jackson@university.edu,D004,2011
P015,Jack White,jack.white@campus.edu,D004,2014
P016,Amelia Harris,amelia.harris@university.edu,D004,2016
P017,Samuel Martin,samuel.martin@faculty.univ.edu,D005,2015
P018,Evelyn Thompson,evelyn.thompson@faculty.univ.edu,D005,2017
P019,David Garcia,david.garcia@university.edu,D005,2012
P020,Grace Martinez,grace.martinez@campus.edu,D005,2012
P021,Joseph Robinson,joseph.robinson@university.edu,D006,2013
P022,Abigail Clark,abigail.clark@campus.edu,D006,2022
P023,Thomas Rodriguez,thomas.rodriguez@campus.edu,D006,2005
P024,Ella Lewis,eIla.lewis@faculty.univ.edu,D006,2014
P025,Charles Lee,charles.lee@campus.edu,D007,2011
P026,Lily Walker,lily.walker@faculty.univ.edu,D007,2018
P027,Christopher Hall,christopher.hall@campus.edu,D007,2014
P028,Chloe Allen,chloe.allen@university.edu,D007,2019
P029,Matthew Young,matthew.young@campus.edu,D008,2012
P030,Hannah King,hannah.king@university.edu,D008,2013
P031,Anthony Wright,anthony.wright@university.edu,D008,2007
P032,Zoe Lopez,zoe.lopez@faculty.univ.edu,D008,2019
P033,Mark Hill,mark.hill@faculty.univ.edu,D009,2013
P034,Natalie Scott,natalie.scott@faculty.univ.edu,D009,2022
P035,Steven Green,steven.green@faculty.univ.edu,D009,2020
P036,Sofia Adams,sofia.adams@university.edu,D009,2015
P037,Andrew Baker,andrew.baker@university.edu,D010,2011
P038,Emma Nelson,emma.nelson@university.edu,D010,2018
P039,Joshua Carter,joshua.carter@campus.edu,D010,2019
P040,Madison Mitchell,madison.mitchell@campus.edu,D010,2010
P041,Robert Perez,robert.perez@faculty.univ.edu,D011,2018
P042,Abigail Roberts,abigail.roberts@faculty.univ.edu,D011,2015
P043,Richard Turner,richard.turner@university.edu,D011,2022
P044,Scarlett Phillips,scarlett.phillips@university.edu,D011,2015
P045,Kevin Campbell,kevin.campbell@faculty.univ.edu,D012,2006
P046,Victoria Parker,victoria.parker@campus.edu,D012,2012
P047,Brian Evans,brian.evans@university.edu,D012,2012
P048,Aria Edwards,aria.edwards@university.edu,D012,2015
P049,George Collins,george.collins@campus.edu,D013,2014
P050,Elizabeth Stewart,elizabeth.stewart@university.edu,D013,2005
P051,Edward Sanchez,edward.sanchez@faculty.univ.edu,D013,2016
P052,Eleanor Morris,eleanor.morris@campus.edu,D013,2007
P053,Ronald Rogers,ronald.rogers@university.edu,D014,2015
P054,Avery Reed,avery.reed@campus.edu,D014,2015
P055,Timothy Cook,timothy.cook@university.edu,D014,2015
P056,Scarlet Morgan,scarlet.morgan@faculty.univ.edu,D014,2018
P057,Jason Bell,jason.bell@campus.edu,D015,2007
P058,Zoey Murphy,zoey.murphy@campus.edu,D015,2011
P059,Jeffrey Bailey,jeffrey.bailey@university.edu,D015,2014
P060,Penelope Rivera,penelope.rivera@campus.edu,D015,2013
P061,Ryan Cooper,ryan.cooper@campus.edu,D001,2010
P062,Laura Richardson,laura.richardson@campus.edu,D002,2005
P063,Brandon Cox,brandon.cox@campus.edu,D003,2006
P064,Claire Howard,claire.howard@campus.edu,D004,2010
P065,Justin Ward,justin.ward@campus.edu,D005,2016
P066,Leah Torres,leah.torres@campus.edu,D006,2008
P067,Aaron Peterson,aaron.peterson@campus.edu,D007,2011
P068,Samantha Gray,samantha.gray@university.edu,D008,2011
P069,Adam Ramirez,adam.ramirez@university.edu,D009,2006
P070,Rachel James,rachel.james@faculty.univ.edu,D010,2006
P071,Nathan Watson,nathan.watson@faculty.univ.edu,D011,2010
P072,Megan Brooks,megan.brooks@faculty.univ.edu,D012,2009
P073,Scott Kelly,scott.kelly@faculty.univ.edu,D013,2006
P074,Jennifer Sanders,jennifer.sanders@faculty.univ.edu,D014,2020
P075,Patrick Price,patrick.price@campus.edu,D015,2012
P076,Amy Bennett,amy.bennett@university.edu,D001,2006
P077,Eric Wood,eric.wood@campus.edu,D002,2021
P078,Megan Barnes,megan.barnes@faculty.univ.edu,D003,2018
P079,Frank Ross,frank.ross@campus.edu,D004,2011
P080,Laura Henderson,laura.henderson@university.edu,D005,2011
