Student_ID,Student_Name,Gender,Birth_Date,Email,Enrollment_Year
S0001,Noah Lee,Male,2002-05-04,noah.lee0001@student.edu,2023
S0002,Amelia Moore,Female,2003-06-11,amelia.moore0002@student.edu,2023
S0003,Benjamin Moore,Male,2001-12-08,benjamin.moore0003@student.edu,2021
S0004,Olivia Walker,Female,2003-07-03,olivia.walker0004@student.edu,2019
S0005,Olivia Walker,Female,1999-02-22,olivia.walker0005@student.edu,2021
S0006,Emma Jones,Female,2002-10-16,emma.jones0006@student.edu,2021
S0007,Isabella Davis,Female,2003-08-07,isabella.davis0007@student.edu,2023
S0008,Grace Lee,Female,2001-01-13,grace.lee0008@student.edu,2023
S0009,Amelia Thomas,Female,2003-11-26,amelia.thomas0009@student.edu,2023
S0010,Charlotte Moore,Female,2004-07-12,charlotte.moore0010@student.edu,2022
S0011,Ella Williams,Female,2004-02-16,ella.williams0011@student.edu,2022
S0012,Benjamin Moore,Male,2002-02-24,benjamin.moore0012@student.edu,2022
S0013,Mia Anderson,Female,2000-10-03,mia.anderson0013@student.edu,2023
S0014,Benjamin Brown,Male,2002-09-17,benjamin.brown0014@student.edu,2023
S0015,Ella Jones,Female,2002-11-24,ella.jones0015@student.edu,2021
S0016,Ethan Williams,Male,2003-08-13,ethan.williams0016@student.edu,2023
S0017,Ethan Wilson,Male,2000-01-09,ethan.wilson0017@student.edu,2023
S0018,Amelia Thomas,Female,2002-01-04,amelia.thomas0018@student.edu,2022
S0019,William Johnson,Male,1999-07-01,william.johnson0019@student.edu,2023
S0020,Daniel Martin,Male,2004-07-01,daniel.martin0020@student.edu,2024
S0021,Alexander Anderson,Male,2005-09-11,alexander.anderson0021@student.edu,2022
S0022,Oliver Williams,Male,2002-02-23,oliver.williams0022@student.edu,2023
S0023,Oliver Brown,Male,2004-02-27,oliver.brown0023@student.edu,2023
S0024,Daniel Miller,Male,2003-05-05,daniel.miller0024@student.edu,2023
S0025,Isabella Lee,Female,2005-07-12,isabella.lee0025@student.edu,2021
S0026,Emily Johnson,Female,2004-03-26,emily.johnson0026@student.edu,2022
S0027,William Williams,Male,2002-11-01,william.williams0027@student.edu,2022
S0028,Harper Martin,Female,2004-11-15,harper.martin0028@student.edu,2021
S0029,Emma Williams,Female,2003-06-28,emma.williams0029@student.edu,2022
S0030,Mia Moore,Female,1999-09-24,mia.moore0030@student.edu,2022
S0031,Mia Johnson,Female,2001-09-08,mia.johnson0031@student.edu,2021
S0032,Henry Anderson,Male,2003-02-07,henry.anderson0032@student.edu,2022
S0033,Emma Brown,Female,2001-10-08,emma.brown0033@student.edu,2020
S0034,Benjamin Moore,Male,2003-03-26,benjamin.moore0034@student.edu,2023
S0035,Alexander Wilson,Male,2004-07-25,alexander.wilson0035@student.edu,2019
S0036,Grace Clark,Female,2002-06-13,grace.clark0036@student.edu,2023
S0037,Sophia Taylor,Female,2004-01-26,sophia.taylor0037@student.edu,2023
S0038,Charlotte Davis,Female,2004-10-04,charlotte.davis0038@student.edu,2023
S0039,Alexander Davis,Male,2004-07-11,alexander.davis0039@student.edu,2022
S0040,Mia Lee,Female,2005-04-27,mia.lee0040@student.edu,2024
S0041,Liam Clark,Male,2002-07-17,liam.clark0041@student.edu,2021
S0042,Emily Miller,Female,2001-02-10,emily.miller0042@student.edu,2021
S0043,Michael Davis,Male,1999-07-02,michael.davis0043@student.edu,2022
S0044,Alexander Taylor,Male,2005-12-11,alexander.taylor0044@student.edu,2021
S0045,Alexander Taylor,Male,2003-06-08,alexander.taylor0045@student.edu,2024
S0046,Michael Walker,Male,2001-06-02,michael.walker0046@student.edu,2021
S0047,Oliver Wilson,Male,2004-03-16,oliver.wilson0047@student.edu,2022
S0048,Daniel Williams,Male,2001-06-08,daniel.williams0048@student.edu,2022
S0049,Daniel Walker,Male,2003-05-23,daniel.walker0049@student.edu,2022
S0050,Mia Martin,Female,2002-04-23,mia.martin0050@student.edu,2023
S0051,Isabella Williams,Female,2002-06-14,isabella.williams0051@student.edu,2020
S0052,Oliver Williams,Male,2000-01-09,oliver.williams0052@student.edu,2022
S0053,Emily Clark,Female,2000-05-16,emily.clark0053@student.edu,2023
S0054,Lucas Moore,Male,1999-02-15,lucas.moore0054@student.edu,2022
S0055,Ava Moore,Female,1999-11-13,ava.moore0055@student.edu,2022
S0056,Olivia Anderson,Female,2003-07-25,olivia.anderson0056@student.edu,2022
S0057,Ethan Wilson,Male,2000-04-07,ethan.wilson0057@student.edu,2024
S0058,Ava Walker,Female,2000-02-13,ava.walker0058@student.edu,2023
S0059,Oliver Davis,Male,2003-01-02,oliver.davis0059@student.edu,2023
S0060,Henry Martin,Male,2001-03-10,henry.martin0060@student.edu,2021
S0061,Mia Brown,Female,2003-01-24,mia.brown0061@student.edu,2022
S0062,James Miller,Male,2000-09-22,james.miller0062@student.edu,2023
S0063,James Miller,Male,1999-08-28,james.miller0063@student.edu,2020
S0064,William Martin,Male,1999-03-04,william.martin0064@student.edu,2022
S0065,Emily Taylor,Female,1999-08-17,emily.taylor0065@student.edu,2022
S0066,Henry Walker,Male,1999-02-17,henry.walker0066@student.edu,2023
S0067,Grace Thomas,Female,2001-12-03,grace.thomas0067@student.edu,2023
S0068,Henry Williams,Male,2002-03-16,henry.williams0068@student.edu,2021
S0069,Sophia Lee,Female,2005-02-11,sophia.lee0069@student.edu,2020
S0070,Alexander Miller,Male,2000-11-13,alexander.miller0070@student.edu,2020
S0071,Alexander Martin,Male,1999-03-22,alexander.martin0071@student.edu,2020
S0072,James Clark,Male,2000-04-26,james.clark0072@student.edu,2022
S0073,Olivia Thomas,Female,1999-05-11,olivia.thomas0073@student.edu,2023
S0074,James Clark,Male,1999-01-18,james.clark0074@student.edu,2020
S0075,Isabella Brown,Female,2000-09-26,isabella.brown0075@student.edu,2019
S0076,Ella Clark,Female,2005-09-09,ella.clark0076@student.edu,2023
S0077,Emily Davis,Female,2001-11-05,emily.davis0077@student.edu,2023
S0078,Grace Jones,Female,2001-06-23,grace.jones0078@student.edu,2023
S0079,Emily Lee,Female,1999-11-10,emily.lee0079@student.edu,2020
S0080,Grace Davis,Female,2002-02-24,grace.davis0080@student.edu,2022
S0081,Ava Miller,Female,2004-11-03,ava.miller0081@student.edu,2021
S0082,Amelia Lee,Female,2002-05-21,amelia.lee0082@student.edu,2023
S0083,Sophia Miller,Female,1999-05-24,sophia.miller0083@student.edu,2020
S0084,Ella Thomas,Female,2000-04-12,ella.thomas0084@student.edu,2021
S0085,William Taylor,Male,1999-05-04,william.taylor0085@student.edu,2023
S0086,Liam Walker,Male,2001-06-05,liam.walker0086@student.edu,2021
S0087,Lucas Moore,Male,2005-09-28,lucas.moore0087@student.edu,2021
S0088,Mia Jones,Female,2005-11-28,mia.jones0088@student.edu,2023
S0089,Charlotte Brown,Female,1999-02-27,charlotte.brown0089@student.edu,2021
S0090,Alexander Clark,Male,2002-06-22,alexander.clark0090@student.edu,2021
S0091,Amelia Anderson,Female,2002-04-08,amelia.anderson0091@student.edu,2023
S0092,Sophia Lee,Female,2005-02-06,sophia.lee0092@student.edu,2022
S0093,Henry Clark,Male,2001-02-28,henry.clark0093@student.edu,2019
S0094,Amelia Jones,Female,2003-01-21,amelia.jones0094@student.edu,2023
S0095,Isabella Jones,Female,2003-09-26,isabella.jones0095@student.edu,2023
S0096,Ella Williams,Female,2001-05-07,ella.williams0096@student.edu,2022
S0097,Henry Johnson,Male,2005-03-06,henry.johnson0097@student.edu,2023
S0098,Olivia Wilson,Female,2003-04-13,olivia.wilson0098@student.edu,2022
S0099,Amelia Martin,Female,2003-06-03,amelia.martin0099@student.edu,2024
S0100,Olivia Wilson,Female,1999-09-10,olivia.wilson0100@student.edu,2023
S0101,Liam Williams,Male,2005-11-17,liam.williams0101@student.edu,2020
S0102,Amelia Lee,Female,2004-08-20,amelia.lee0102@student.edu,2022
S0103,Ella Thomas,Female,2002-07-22,ella.thomas0103@student.edu,2023
S0104,James Williams,Male,2004-11-05,james.williams0104@student.edu,2023
S0105,Isabella Davis,Female,2003-07-23,isabella.davis0105@student.edu,2021
S0106,Ethan Moore,Male,2003-11-18,ethan.moore0106@student.edu,2020
S0107,Emma Walker,Female,2003-10-23,emma.walker0107@student.edu,2021
S0108,Ella Taylor,Female,1999-08-21,ella.taylor0108@student.edu,2021
S0109,Emily Wilson,Female,1999-06-10,emily.wilson0109@student.edu,2023
S0110,Oliver Martin,Male,2001-09-25,oliver.martin0110@student.edu,2022
S0111,Mia Brown,Female,2000-01-12,mia.brown0111@student.edu,2020
S0112,Benjamin Lee,Male,2002-11-06,benjamin.lee0112@student.edu,2023
S0113,Grace Johnson,Female,2000-10-13,grace.johnson0113@student.edu,2024
S0114,William Johnson,Male,2005-08-17,william.johnson0114@student.edu,2023
S0115,Emily Wilson,Female,2001-06-20,emily.wilson0115@student.edu,2022
S0116,Oliver Jones,Male,2001-11-16,oliver.jones0116@student.edu,2021
S0117,William Clark,Male,1999-12-17,william.clark0117@student.edu,2023
S0118,Liam Williams,Male,2000-11-06,liam.williams0118@student.edu,2023
S0119,Ethan Lee,Male,2003-04-17,ethan.lee0119@student.edu,2024
S0120,Alexander Moore,Male,2004-01-16,alexander.moore0120@student.edu,2021
S0121,Oliver Moore,Male,2004-08-08,oliver.moore0121@student.edu,2020
S0122,Charlotte Miller,Female,2001-01-21,charlotte.miller0122@student.edu,2022
S0123,Noah Davis,Male,2002-08-01,noah.davis0123@student.edu,2021
S0124,Mia Davis,Female,2001-04-23,mia.davis0124@student.edu,2022
S0125,Emily Wilson,Female,2004-10-23,emily.wilson0125@student.edu,2022
S0126,Ethan Williams,Male,2004-08-07,ethan.williams0126@student.edu,2023
S0127,Amelia Thomas,Female,2005-01-12,amelia.thomas0127@student.edu,2024
S0128,Isabella Walker,Female,2001-09-10,isabella.walker0128@student.edu,2023
S0129,Liam Johnson,Male,2003-03-17,liam.johnson0129@student.edu,2019
S0130,Henry Miller,Male,2004-08-03,henry.miller0130@student.edu,2023
S0131,James Davis,Male,2004-07-24,james.davis0131@student.edu,2022
S0132,Benjamin Moore,Male,2002-02-07,benjamin.moore0132@student.edu,2021
S0133,Mia Williams,Female,2000-02-28,mia.williams0133@student.edu,2020
S0134,Ella Walker,Female,2002-12-14,ella.walker0134@student.edu,2024
S0135,Amelia Anderson,Female,1999-05-17,amelia.anderson0135@student.edu,2022
S0136,Harper Davis,Female,2001-06-03,harper.davis0136@student.edu,2022
S0137,Liam Wilson,Male,2002-09-11,liam.wilson0137@student.edu,2020
S0138,Lucas Davis,Male,2004-05-05,lucas.davis0138@student.edu,2022
S0139,James Moore,Male,2005-01-20,james.moore0139@student.edu,2022
S0140,Benjamin Brown,Male,2004-08-18,benjamin.brown0140@student.edu,2021
S0141,Ethan Brown,Male,2002-08-26,ethan.brown0141@student.edu,2022
S0142,Charlotte Lee,Female,2001-07-24,charlotte.lee0142@student.edu,2023
S0143,Henry Clark,Male,2002-02-28,henry.clark0143@student.edu,2022
S0144,Michael Taylor,Male,2003-09-05,michael.taylor0144@student.edu,2021
S0145,William Miller,Male,2005-09-15,william.miller0145@student.edu,2023
S0146,James Lee,Male,2001-03-17,james.lee0146@student.edu,2021
S0147,Harper Johnson,Female,2003-07-18,harper.johnson0147@student.edu,2020
S0148,Oliver Walker,Male,2000-03-12,oliver.walker0148@student.edu,2023
S0149,Lucas Miller,Male,2000-03-15,lucas.miller0149@student.edu,2021
S0150,James Jones,Male,2000-10-20,james.jones0150@student.edu,2020
S0151,Ava Taylor,Female,2002-01-06,ava.taylor0151@student.edu,2021
S0152,Oliver Lee,Male,2000-06-02,oliver.lee0152@student.edu,2020
S0153,James Johnson,Male,2000-08-14,james.johnson0153@student.edu,2021
S0154,Emily Anderson,Female,2003-11-08,emily.anderson0154@student.edu,2022
S0155,Ethan Brown,Male,2004-05-06,ethan.brown0155@student.edu,2022
S0156,Benjamin Martin,Male,2002-01-20,benjamin.martin0156@student.edu,2022
S0157,William Taylor,Male,2000-10-05,william.taylor0157@student.edu,2021
S0158,Oliver Lee,Male,2002-09-05,oliver.lee0158@student.edu,2024
S0159,Ava Williams,Female,2003-03-08,ava.williams0159@student.edu,2022
S0160,Olivia Jones,Female,2004-03-23,olivia.jones0160@student.edu,2019
S0161,Ella Walker,Female,2004-07-08,ella.walker0161@student.edu,2022
S0162,Grace Miller,Female,2004-02-26,grace.miller0162@student.edu,2021
S0163,Isabella Brown,Female,2000-10-07,isabella.brown0163@student.edu,2024
S0164,William Walker,Male,1999-07-17,william.walker0164@student.edu,2021
S0165,Ethan Wilson,Male,2001-09-03,ethan.wilson0165@student.edu,2022
S0166,Alexander Thomas,Male,1999-03-09,alexander.thomas0166@student.edu,2022
S0167,William Martin,Male,2002-05-04,william.martin0167@student.edu,2023
S0168,Benjamin Davis,Male,2005-02-08,benjamin.davis0168@student.edu,2024
S0169,Harper Jones,Female,2001-10-17,harper.jones0169@student.edu,2020
S0170,William Davis,Male,2001-08-15,william.davis0170@student.edu,2022
S0171,Ethan Thomas,Male,2004-06-07,ethan.thomas0171@student.edu,2023
S0172,Ella Moore,Female,2000-12-26,ella.moore0172@student.edu,2022
S0173,Lucas Taylor,Male,2001-07-18,lucas.taylor0173@student.edu,2023
S0174,Emma Martin,Female,2000-08-08,emma.martin0174@student.edu,2023
S0175,Michael Davis,Male,2002-12-20,michael.davis0175@student.edu,2022
S0176,Ella Wilson,Female,2001-08-22,ella.wilson0176@student.edu,2020
S0177,Ethan Lee,Male,2001-03-16,ethan.lee0177@student.edu,2021
S0178,Sophia Brown,Female,2003-03-06,sophia.brown0178@student.edu,2022
S0179,Emily Wilson,Female,1999-07-19,emily.wilson0179@student.edu,2022
S0180,Harper Thomas,Female,2001-03-03,harper.thomas0180@student.edu,2021
S0181,Ella Jones,Female,1999-06-06,ella.jones0181@student.edu,2024
S0182,Alexander Moore,Male,2004-08-20,alexander.moore0182@student.edu,2020
S0183,Alexander Lee,Male,2002-04-04,alexander.lee0183@student.edu,2022
S0184,Michael Clark,Male,2003-06-28,michael.clark0184@student.edu,2021
S0185,Liam Martin,Male,1999-02-17,liam.martin0185@student.edu,2022
S0186,Oliver Wilson,Male,2001-11-07,oliver.wilson0186@student.edu,2022
S0187,Oliver Thomas,Male,2000-09-20,oliver.thomas0187@student.edu,2021
S0188,Oliver Thomas,Male,2003-04-21,oliver.thomas0188@student.edu,2023
S0189,Alexander Jones,Male,2000-09-27,alexander.jones0189@student.edu,2022
S0190,Ethan Johnson,Male,2001-11-08,ethan.johnson0190@student.edu,2024
S0191,Alexander Clark,Male,1999-12-25,alexander.clark0191@student.edu,2019
S0192,Grace Anderson,Female,2004-10-13,grace.anderson0192@student.edu,2024
S0193,Mia Thomas,Female,1999-03-21,mia.thomas0193@student.edu,2021
S0194,Isabella Thomas,Female,2002-04-15,isabella.thomas0194@student.edu,2022
S0195,Michael Davis,Male,2001-08-19,michael.davis0195@student.edu,2023
S0196,Ella Wilson,Female,2001-09-19,ella.wilson0196@student.edu,2022
S0197,Daniel Johnson,Male,2004-03-05,daniel.johnson0197@student.edu,2022
S0198,Ella Davis,Female,2002-11-16,ella.davis0198@student.edu,2022
S0199,Liam Brown,Male,2004-04-06,liam.brown0199@student.edu,2023
S0200,James Miller,Male,2000-10-17,james.miller0200@student.edu,2022
S0201,Emma Johnson,Female,2004-11-19,emma.johnson0201@student.edu,2024
S0202,Ava Walker,Female,2004-03-08,ava.walker0202@student.edu,2020
S0203,Benjamin Brown,Male,2004-07-13,benjamin.brown0203@student.edu,2022
S0204,Emily Jones,Female,2004-07-23,emily.jones0204@student.edu,2021
S0205,Sophia Davis,Female,2000-06-18,sophia.davis0205@student.edu,2023
S0206,Emma Williams,Female,2005-07-21,emma.williams0206@student.edu,2022
S0207,William Johnson,Male,1999-08-01,william.johnson0207@student.edu,2022
S0208,Amelia Johnson,Female,2000-12-04,amelia.johnson0208@student.edu,2021
S0209,Isabella Brown,Female,2000-04-15,isabella.brown0209@student.edu,2019
S0210,James Wilson,Male,2001-09-05,james.wilson0210@student.edu,2023
S0211,Charlotte Martin,Female,2002-10-22,charlotte.martin0211@student.edu,2022
S0212,Noah Wilson,Male,1999-11-24,noah.wilson0212@student.edu,2022
S0213,Olivia Williams,Female,2002-10-18,olivia.williams0213@student.edu,2021
S0214,Ava Brown,Female,2000-03-03,ava.brown0214@student.edu,2023
S0215,Michael Jones,Male,1999-04-08,michael.jones0215@student.edu,2019
S0216,Benjamin Walker,Male,1999-04-17,benjamin.walker0216@student.edu,2023
S0217,Noah Martin,Male,2004-12-09,noah.martin0217@student.edu,2020
S0218,Emily Thomas,Female,2005-09-13,emily.thomas0218@student.edu,2021
S0219,Charlotte Clark,Female,2003-04-18,charlotte.clark0219@student.edu,2022
S0220,Liam Clark,Male,1999-02-16,liam.clark0220@student.edu,2022
S0221,Harper Moore,Female,2004-12-01,harper.moore0221@student.edu,2023
S0222,Ava Davis,Female,2004-03-05,ava.davis0222@student.edu,2024
S0223,Grace Williams,Female,2003-10-21,grace.williams0223@student.edu,2023
S0224,Olivia Walker,Female,2005-08-01,olivia.walker0224@student.edu,2023
S0225,Daniel Johnson,Male,2001-07-22,daniel.johnson0225@student.edu,2023
S0226,Mia Johnson,Female,2000-08-22,mia.johnson0226@student.edu,2021
S0227,Grace Walker,Female,2003-10-20,grace.walker0227@student.edu,2021
S0228,Mia Walker,Female,2002-11-21,mia.walker0228@student.edu,2023
S0229,Isabella Williams,Female,2000-04-26,isabella.williams0229@student.edu,2022
S0230,Noah Wilson,Male,2005-04-15,noah.wilson0230@student.edu,2022
S0231,Isabella Davis,Female,2003-09-23,isabella.davis0231@student.edu,2024
S0232,Emily Taylor,Female,2003-12-01,emily.taylor0232@student.edu,2023
S0233,Oliver Williams,Male,2000-08-14,oliver.williams0233@student.edu,2021
S0234,Charlotte Martin,Female,1999-05-05,charlotte.martin0234@student.edu,2023
S0235,Michael Clark,Male,2003-05-11,michael.clark0235@student.edu,2021
S0236,Amelia Jones,Female,1999-04-28,amelia.jones0236@student.edu,2022
S0237,Daniel Miller,Male,2001-07-25,daniel.miller0237@student.edu,2023
S0238,James Jones,Male,2002-11-18,james.jones0238@student.edu,2021
S0239,James Clark,Male,2004-03-17,james.clark0239@student.edu,2023
S0240,Benjamin Williams,Male,2001-02-13,benjamin.williams0240@student.edu,2022
S0241,William Clark,Male,2002-03-01,william.clark0241@student.edu,2021
S0242,Harper Brown,Female,2002-07-06,harper.brown0242@student.edu,2023
S0243,Liam Martin,Male,2000-08-08,liam.martin0243@student.edu,2019
S0244,Lucas Clark,Male,2000-07-27,lucas.clark0244@student.edu,2023
S0245,Grace Johnson,Female,2000-08-27,grace.johnson0245@student.edu,2021
S0246,Sophia Johnson,Female,2000-03-26,sophia.johnson0246@student.edu,2022
S0247,Emily Clark,Female,2003-01-02,emily.clark0247@student.edu,2023
S0248,Alexander Thomas,Male,2005-09-17,alexander.thomas0248@student.edu,2022
S0249,Charlotte Johnson,Female,1999-12-20,charlotte.johnson0249@student.edu,2021
S0250,Amelia Taylor,Female,2004-06-24,amelia.taylor0250@student.edu,2022
S0251,Ethan Williams,Male,2000-05-26,ethan.williams0251@student.edu,2021
S0252,Ethan Davis,Male,2003-08-26,ethan.davis0252@student.edu,2024
S0253,Harper Jones,Female,2005-03-26,harper.jones0253@student.edu,2021
S0254,Michael Wilson,Male,2004-06-03,michael.wilson0254@student.edu,2023
S0255,William Anderson,Male,2000-05-16,william.anderson0255@student.edu,2024
S0256,Emma Lee,Female,2005-12-27,emma.lee0256@student.edu,2023
S0257,Charlotte Wilson,Female,2000-04-28,charlotte.wilson0257@student.edu,2022
S0258,Grace Miller,Female,2001-02-21,grace.miller0258@student.edu,2021
S0259,Daniel Lee,Male,2005-11-28,daniel.lee0259@student.edu,2023
S0260,Harper Brown,Female,2000-05-14,harper.brown0260@student.edu,2021
S0261,Ella Williams,Female,2003-02-01,ella.williams0261@student.edu,2022
S0262,Oliver Johnson,Male,1999-06-22,oliver.johnson0262@student.edu,2022
S0263,Ella Taylor,Female,2005-06-19,ella.taylor0263@student.edu,2022
S0264,Alexander Miller,Male,2000-12-25,alexander.miller0264@student.edu,2021
S0265,Henry Thomas,Male,1999-06-07,henry.thomas0265@student.edu,2023
S0266,Liam Walker,Male,2002-03-20,liam.walker0266@student.edu,2022
S0267,Ava Jones,Female,2004-06-19,ava.jones0267@student.edu,2023
S0268,Isabella Moore,Female,2000-09-16,isabella.moore0268@student.edu,2024
S0269,Isabella Jones,Female,2001-07-01,isabella.jones0269@student.edu,2022
S0270,Mia Martin,Female,1999-05-03,mia.martin0270@student.edu,2022
S0271,Daniel Martin,Male,2003-08-17,daniel.martin0271@student.edu,2020
S0272,Benjamin Moore,Male,2002-05-20,benjamin.moore0272@student.edu,2021
S0273,James Walker,Male,2003-08-14,james.walker0273@student.edu,2021
S0274,Lucas Miller,Male,2003-08-02,lucas.miller0274@student.edu,2024
S0275,William Anderson,Male,2000-08-05,william.anderson0275@student.edu,2023
S0276,Benjamin Davis,Male,2001-09-12,benjamin.davis0276@student.edu,2023
S0277,Emma Johnson,Female,2004-11-21,emma.johnson0277@student.edu,2023
S0278,Benjamin Jones,Male,2000-09-23,benjamin.jones0278@student.edu,2022
S0279,Ella Brown,Female,2002-05-23,ella.brown0279@student.edu,2022
S0280,Grace Brown,Female,2005-06-22,grace.brown0280@student.edu,2022
S0281,Harper Miller,Female,2004-06-25,harper.miller0281@student.edu,2022
S0282,Grace Taylor,Female,2004-02-13,grace.taylor0282@student.edu,2022
S0283,Isabella Walker,Female,2002-02-09,isabella.walker0283@student.edu,2021
S0284,Alexander Davis,Male,2000-11-21,alexander.davis0284@student.edu,2022
S0285,Oliver Clark,Male,2000-06-03,oliver.clark0285@student.edu,2022
S0286,Ella Thomas,Female,2002-01-23,ella.thomas0286@student.edu,2022
S0287,Emily Walker,Female,2000-01-07,emily.walker0287@student.edu,2022
S0288,Oliver Martin,Male,1999-09-06,oliver.martin0288@student.edu,2023
S0289,Liam Moore,Male,2004-04-16,liam.moore0289@student.edu,2023
S0290,Benjamin Anderson,Male,2000-07-08,benjamin.anderson0290@student.edu,2023
S0291,Lucas Taylor,Male,2005-02-25,lucas.taylor0291@student.edu,2022
S0292,Emma Moore,Female,2004-10-03,emma.moore0292@student.edu,2022
S0293,Harper Wilson,Female,2005-09-14,harper.wilson0293@student.edu,2022
S0294,Noah Thomas,Male,2000-01-28,noah.thomas0294@student.edu,2022
S0295,Ava Brown,Female,2003-02-10,ava.brown0295@student.edu,2022
S0296,Daniel Walker,Male,2002-08-10,daniel.walker0296@student.edu,2024
S0297,Alexander Martin,Male,2000-02-20,alexander.martin0297@student.edu,2023
S0298,James Miller,Male,2001-06-05,james.miller0298@student.edu,2022
S0299,Amelia Martin,Female,1999-08-17,amelia.martin0299@student.edu,2021
S0300,William Wilson,Male,2005-10-03,william.wilson0300@student.edu,2022
S0301,Sophia Miller,Female,2002-12-24,sophia.miller0301@student.edu,2022
S0302,Lucas Jones,Male,2005-06-27,lucas.jones0302@student.edu,2022
S0303,Grace Wilson,Female,2001-11-13,grace.wilson0303@student.edu,2020
S0304,James Lee,Male,1999-04-23,james.lee0304@student.edu,2022
S0305,Harper Walker,Female,2005-07-24,harper.walker0305@student.edu,2020
S0306,Charlotte Walker,Female,2001-01-01,charlotte.walker0306@student.edu,2022
S0307,Henry Moore,Male,2000-06-06,henry.moore0307@student.edu,2023
S0308,Sophia Thomas,Female,2005-02-24,sophia.thomas0308@student.edu,2023
S0309,Olivia Davis,Female,2001-09-07,olivia.davis0309@student.edu,2022
S0310,Alexander Jones,Male,2000-09-03,alexander.jones0310@student.edu,2021
S0311,Henry Jones,Male,2003-11-02,henry.jones0311@student.edu,2020
S0312,Alexander Lee,Male,2005-01-27,alexander.lee0312@student.edu,2023
S0313,Oliver Walker,Male,2004-10-03,oliver.walker0313@student.edu,2023
S0314,Noah Jones,Male,1999-01-22,noah.jones0314@student.edu,2022
S0315,Oliver Walker,Male,2003-05-24,oliver.walker0315@student.edu,2022
S0316,Amelia Taylor,Female,2002-05-17,amelia.taylor0316@student.edu,2020
S0317,Isabella Anderson,Female,2000-11-26,isabella.anderson0317@student.edu,2021
S0318,Benjamin Miller,Male,2000-03-06,benjamin.miller0318@student.edu,2022
S0319,Henry Wilson,Male,2003-05-27,henry.wilson0319@student.edu,2023
S0320,Ella Moore,Female,2001-05-28,ella.moore0320@student.edu,2022
S0321,Emily Brown,Female,1999-12-25,emily.brown0321@student.edu,2024
S0322,Sophia Lee,Female,2005-08-02,sophia.lee0322@student.edu,2021
S0323,Ethan Brown,Male,2000-12-15,ethan.brown0323@student.edu,2021
S0324,Harper Brown,Female,2003-09-02,harper.brown0324@student.edu,2019
S0325,Sophia Williams,Female,2004-02-13,sophia.williams0325@student.edu,2023
S0326,James Wilson,Male,2000-01-03,james.wilson0326@student.edu,2022
S0327,James Martin,Male,2004-02-22,james.martin0327@student.edu,2022
S0328,Henry Davis,Male,2001-10-02,henry.davis0328@student.edu,2020
S0329,Daniel Walker,Male,2001-10-18,daniel.walker0329@student.edu,2023
S0330,Liam Walker,Male,2002-12-20,liam.walker0330@student.edu,2023
S0331,Henry Martin,Male,1999-06-12,henry.martin0331@student.edu,2021
S0332,Benjamin Clark,Male,2000-01-14,benjamin.clark0332@student.edu,2023
S0333,Charlotte Anderson,Female,2002-12-21,charlotte.anderson0333@student.edu,2022
S0334,Ethan Miller,Male,2004-07-19,ethan.miller0334@student.edu,2023
S0335,Michael Clark,Male,2005-08-18,michael.clark0335@student.edu,2024
S0336,Mia Martin,Female,2003-05-17,mia.martin0336@student.edu,2023
S0337,Emily Jones,Female,2005-11-13,emily.jones0337@student.edu,2023
S0338,Sophia Taylor,Female,2003-01-24,sophia.taylor0338@student.edu,2024
S0339,Mia Clark,Female,1999-10-26,mia.clark0339@student.edu,2022
S0340,Noah Jones,Male,2001-10-04,noah.jones0340@student.edu,2021
S0341,Sophia Lee,Female,2003-05-27,sophia.lee0341@student.edu,2022
S0342,Noah Moore,Male,2005-06-05,noah.moore0342@student.edu,2023
S0343,Emma Martin,Female,2003-07-22,emma.martin0343@student.edu,2020
S0344,Isabella Williams,Female,2004-03-19,isabella.williams0344@student.edu,2021
S0345,Noah Martin,Male,2001-01-28,noah.martin0345@student.edu,2019
S0346,Charlotte Thomas,Female,1999-10-15,charlotte.thomas0346@student.edu,2022
S0347,Ava Davis,Female,1999-11-10,ava.davis0347@student.edu,2022
S0348,William Brown,Male,2001-11-06,william.brown0348@student.edu,2020
S0349,Lucas Jones,Male,2003-12-10,lucas.jones0349@student.edu,2021
S0350,Alexander Martin,Male,1999-05-05,alexander.martin0350@student.edu,2023
S0351,Olivia Wilson,Female,1999-11-24,olivia.wilson0351@student.edu,2023
S0352,Alexander Miller,Male,1999-02-07,alexander.miller0352@student.edu,2023
S0353,Henry Johnson,Male,2003-04-13,henry.johnson0353@student.edu,2023
S0354,Michael Martin,Male,2004-08-08,michael.martin0354@student.edu,2022
S0355,Harper Davis,Female,2002-08-03,harper.davis0355@student.edu,2023
S0356,James Williams,Male,2004-08-21,james.williams0356@student.edu,2022
S0357,Lucas Walker,Male,1999-08-17,lucas.walker0357@student.edu,2022
S0358,Michael Johnson,Male,2001-07-03,michael.johnson0358@student.edu,2024
S0359,Liam Anderson,Male,2004-12-04,liam.anderson0359@student.edu,2021
S0360,Noah Williams,Male,2003-09-02,noah.williams0360@student.edu,2023
S0361,Ava Martin,Female,2002-11-03,ava.martin0361@student.edu,2022
S0362,Olivia Walker,Female,2001-08-06,olivia.walker0362@student.edu,2020
S0363,William Anderson,Male,2004-06-24,william.anderson0363@student.edu,2021
S0364,Noah Brown,Male,2001-02-10,noah.brown0364@student.edu,2022
S0365,Olivia Brown,Female,2004-10-11,olivia.brown0365@student.edu,2023
S0366,Michael Miller,Male,2000-02-10,michael.miller0366@student.edu,2021
S0367,James Jones,Male,1999-03-21,james.jones0367@student.edu,2023
S0368,William Lee,Male,2002-03-14,william.lee0368@student.edu,2021
S0369,Benjamin Taylor,Male,2000-08-06,benjamin.taylor0369@student.edu,2022
S0370,Benjamin Davis,Male,1999-07-28,benjamin.davis0370@student.edu,2022
S0371,Isabella Jones,Female,2002-09-06,isabella.jones0371@student.edu,2021
S0372,Emma Williams,Female,2003-04-06,emma.williams0372@student.edu,2022
S0373,Charlotte Davis,Female,2001-08-09,charlotte.davis0373@student.edu,2021
S0374,Mia Wilson,Female,2005-10-25,mia.wilson0374@student.edu,2022
S0375,Michael Clark,Male,2005-02-22,michael.clark0375@student.edu,2022
S0376,Michael Brown,Male,1999-10-25,michael.brown0376@student.edu,2021
S0377,William Miller,Male,1999-12-27,william.miller0377@student.edu,2023
S0378,Daniel Moore,Male,2002-12-21,daniel.moore0378@student.edu,2022
S0379,William Jones,Male,2003-01-23,william.jones0379@student.edu,2022
S0380,William Anderson,Male,2002-05-21,william.anderson0380@student.edu,2021
S0381,Liam Taylor,Male,2005-05-28,liam.taylor0381@student.edu,2022
S0382,Lucas Johnson,Male,1999-07-16,lucas.johnson0382@student.edu,2023
S0383,Emily Martin,Female,2005-06-06,emily.martin0383@student.edu,2022
S0384,Ava Thomas,Female,2004-08-20,ava.thomas0384@student.edu,2023
S0385,Oliver Anderson,Male,2005-11-21,oliver.anderson0385@student.edu,2021
S0386,Charlotte Davis,Female,1999-03-15,charlotte.davis0386@student.edu,2020
S0387,Daniel Martin,Male,2004-09-25,daniel.martin0387@student.edu,2022
S0388,Ava Miller,Female,2005-11-25,ava.miller0388@student.edu,2021
S0389,Isabella Thomas,Female,2005-02-27,isabella.thomas0389@student.edu,2019
S0390,Olivia Anderson,Female,2005-08-28,olivia.anderson0390@student.edu,2021
S0391,Noah Taylor,Male,1999-11-06,noah.taylor0391@student.edu,2023
S0392,Ethan Clark,Male,2002-05-20,ethan.clark0392@student.edu,2021
S0393,Emma Davis,Female,2004-09-10,emma.davis0393@student.edu,2023
S0394,Ella Lee,Female,2000-06-27,ella.lee0394@student.edu,2019
S0395,James Clark,Male,2005-05-05,james.clark0395@student.edu,2020
S0396,James Taylor,Male,2000-04-23,james.taylor0396@student.edu,2023
S0397,Michael Lee,Male,2002-12-25,michael.lee0397@student.edu,2022
S0398,Harper Taylor,Female,2005-06-23,harper.taylor0398@student.edu,2023
S0399,Oliver Wilson,Male,2005-01-08,oliver.wilson0399@student.edu,2023
S0400,Oliver Moore,Male,2000-02-25,oliver.moore0400@student.edu,2021
S0401,Ethan Lee,Male,2003-05-26,ethan.lee0401@student.edu,2022
S0402,Ethan Lee,Male,2003-05-08,ethan.lee0402@student.edu,2024
S0403,William Wilson,Male,1999-12-07,william.wilson0403@student.edu,2022
S0404,Oliver Lee,Male,2001-09-11,oliver.lee0404@student.edu,2022
S0405,Liam Thomas,Male,2000-04-16,liam.thomas0405@student.edu,2023
S0406,Daniel Walker,Male,2004-12-05,daniel.walker0406@student.edu,2021
S0407,Benjamin Brown,Male,2000-10-26,benjamin.brown0407@student.edu,2020
S0408,Emily Thomas,Female,2001-01-02,emily.thomas0408@student.edu,2021
S0409,William Martin,Male,1999-10-10,william.martin0409@student.edu,2024
S0410,Isabella Williams,Female,2005-04-15,isabella.williams0410@student.edu,2022
S0411,Oliver Johnson,Male,1999-08-23,oliver.johnson0411@student.edu,2022
S0412,Olivia Lee,Female,2005-01-09,olivia.lee0412@student.edu,2023
S0413,Daniel Martin,Male,2005-01-14,daniel.martin0413@student.edu,2023
S0414,Ava Taylor,Female,2000-02-17,ava.taylor0414@student.edu,2021
S0415,Grace Martin,Female,2001-06-03,grace.martin0415@student.edu,2021
S0416,Noah Brown,Male,2001-06-26,noah.brown0416@student.edu,2023
S0417,Noah Lee,Male,2003-11-27,noah.lee0417@student.edu,2023
S0418,Harper Brown,Female,2002-09-01,harper.brown0418@student.edu,2020
S0419,Ethan Moore,Male,2002-08-26,ethan.moore0419@student.edu,2023
S0420,Emma Wilson,Female,1999-04-04,emma.wilson0420@student.edu,2024
S0421,William Jones,Male,1999-04-17,william.jones0421@student.edu,2021
S0422,Harper Wilson,Female,2000-10-23,harper.wilson0422@student.edu,2022
S0423,Ava Williams,Female,2000-06-22,ava.williams0423@student.edu,2021
S0424,Lucas Taylor,Male,2003-12-05,lucas.taylor0424@student.edu,2019
S0425,James Williams,Male,1999-02-02,james.williams0425@student.edu,2022
S0426,Emily Johnson,Female,2002-04-20,emily.johnson0426@student.edu,2022
S0427,Amelia Martin,Female,2004-01-02,amelia.martin0427@student.edu,2019
S0428,Benjamin Clark,Male,2004-08-05,benjamin.clark0428@student.edu,2021
S0429,Sophia Miller,Female,1999-09-11,sophia.miller0429@student.edu,2021
S0430,Charlotte Miller,Female,2001-06-24,charlotte.miller0430@student.edu,2022
S0431,Daniel Moore,Male,2003-09-18,daniel.moore0431@student.edu,2023
S0432,Lucas Williams,Male,2002-06-28,lucas.williams0432@student.edu,2023
S0433,William Brown,Male,2001-11-10,william.brown0433@student.edu,2022
S0434,Emily Wilson,Female,1999-11-02,emily.wilson0434@student.edu,2020
S0435,Emma Clark,Female,2004-02-23,emma.clark0435@student.edu,2022
S0436,Olivia Taylor,Female,2000-09-03,olivia.taylor0436@student.edu,2021
S0437,Emma Jones,Female,2000-08-24,emma.jones0437@student.edu,2021
S0438,Isabella Wilson,Female,1999-11-15,isabella.wilson0438@student.edu,2024
S0439,Noah Williams,Male,2002-02-20,noah.williams0439@student.edu,2022
S0440,Oliver Clark,Male,2001-06-03,oliver.clark0440@student.edu,2022
S0441,Ella Walker,Female,2002-05-14,ella.walker0441@student.edu,2021
S0442,Emily Miller,Female,2000-03-16,emily.miller0442@student.edu,2022
S0443,Oliver Johnson,Male,1999-05-14,oliver.johnson0443@student.edu,2023
S0444,Michael Davis,Male,2005-08-11,michael.davis0444@student.edu,2023
S0445,James Clark,Male,2004-04-01,james.clark0445@student.edu,2020
S0446,Mia Brown,Female,1999-07-16,mia.brown0446@student.edu,2022
S0447,Isabella Miller,Female,2004-09-18,isabella.miller0447@student.edu,2021
S0448,Sophia Lee,Female,2003-03-05,sophia.lee0448@student.edu,2022
S0449,Emma Anderson,Female,2000-05-18,emma.anderson0449@student.edu,2022
S0450,Liam Martin,Male,2000-09-17,liam.martin0450@student.edu,2022
S0451,Noah Lee,Male,2005-09-25,noah.lee0451@student.edu,2022
S0452,Isabella Moore,Female,2004-09-03,isabella.moore0452@student.edu,2020
S0453,Harper Brown,Female,2002-01-17,harper.brown0453@student.edu,2023
S0454,Noah Miller,Male,2000-02-25,noah.miller0454@student.edu,2023
S0455,Ethan Lee,Male,2002-05-22,ethan.lee0455@student.edu,2022
S0456,Lucas Wilson,Male,2003-11-03,lucas.wilson0456@student.edu,2023
S0457,Harper Moore,Female,2004-03-22,harper.moore0457@student.edu,2022
S0458,James Davis,Male,1999-05-13,james.davis0458@student.edu,2021
S0459,Olivia Johnson,Female,2002-06-04,olivia.johnson0459@student.edu,2022
S0460,Oliver Martin,Male,2000-03-28,oliver.martin0460@student.edu,2022
S0461,Noah Miller,Male,1999-09-23,noah.miller0461@student.edu,2023
S0462,Noah Lee,Male,2004-05-02,noah.lee0462@student.edu,2021
S0463,Isabella Thomas,Female,2000-04-10,isabella.thomas0463@student.edu,2022
S0464,Isabella Anderson,Female,2004-03-17,isabella.anderson0464@student.edu,2022
S0465,James Taylor,Male,2000-05-14,james.taylor0465@student.edu,2020
S0466,Ella Moore,Female,1999-11-23,ella.moore0466@student.edu,2019
S0467,Henry Martin,Male,2004-01-03,henry.martin0467@student.edu,2021
S0468,William Johnson,Male,2005-03-22,william.johnson0468@student.edu,2022
S0469,Liam Walker,Male,1999-01-16,liam.walker0469@student.edu,2021
S0470,Alexander Anderson,Male,2005-08-15,alexander.anderson0470@student.edu,2023
S0471,Amelia Anderson,Female,2002-11-07,amelia.anderson0471@student.edu,2023
S0472,Isabella Clark,Female,2000-09-11,isabella.clark0472@student.edu,2022
S0473,Benjamin Jones,Male,2005-03-13,benjamin.jones0473@student.edu,2023
S0474,Ethan Anderson,Male,1999-01-14,ethan.anderson0474@student.edu,2023
S0475,Emma Moore,Female,2004-02-13,emma.moore0475@student.edu,2019
S0476,Emily Walker,Female,2002-01-16,emily.walker0476@student.edu,2021
S0477,Harper Martin,Female,1999-02-13,harper.martin0477@student.edu,2019
S0478,Henry Thomas,Male,2001-06-15,henry.thomas0478@student.edu,2023
S0479,Harper Thomas,Female,2005-04-17,harper.thomas0479@student.edu,2022
S0480,Amelia Miller,Female,2002-11-20,amelia.miller0480@student.edu,2023
S0481,Emma Williams,Female,2002-03-22,emma.williams0481@student.edu,2019
S0482,Noah Taylor,Male,2001-12-09,noah.taylor0482@student.edu,2022
S0483,Emma Anderson,Female,2004-04-04,emma.anderson0483@student.edu,2022
S0484,Mia Davis,Female,2000-04-16,mia.davis0484@student.edu,2021
S0485,Charlotte Clark,Female,2005-04-14,charlotte.clark0485@student.edu,2023
S0486,Olivia Lee,Female,2002-03-08,olivia.lee0486@student.edu,2021
S0487,Ella Thomas,Female,2000-07-20,ella.thomas0487@student.edu,2023
S0488,Ella Wilson,Female,2004-02-07,ella.wilson0488@student.edu,2022
S0489,Lucas Wilson,Male,1999-06-18,lucas.wilson0489@student.edu,2022
S0490,Isabella Wilson,Female,2001-03-05,isabella.wilson0490@student.edu,2022
S0491,Lucas Wilson,Male,2005-05-10,lucas.wilson0491@student.edu,2022
S0492,Liam Brown,Male,2003-02-07,liam.brown0492@student.edu,2023
S0493,Ethan Martin,Male,2001-07-22,ethan.martin0493@student.edu,2021
S0494,Mia Martin,Female,2004-05-17,mia.martin0494@student.edu,2022
S0495,Sophia Lee,Female,1999-06-14,sophia.lee0495@student.edu,2021
S0496,Lucas Wilson,Male,1999-03-26,lucas.wilson0496@student.edu,2023
S0497,Sophia Williams,Female,2005-02-12,sophia.williams0497@student.edu,2023
S0498,Ethan Anderson,Male,2002-07-11,ethan.anderson0498@student.edu,2020
S0499,Grace Brown,Female,2005-06-10,grace.brown0499@student.edu,2021
S0500,Emily Johnson,Female,2000-03-13,emily.johnson0500@student.edu,2020
S0501,Charlotte Martin,Female,2000-12-23,charlotte.martin0501@student.edu,2022
S0502,Amelia Lee,Female,2001-01-23,amelia.lee0502@student.edu,2022
S0503,Daniel Wilson,Male,2000-05-09,daniel.wilson0503@student.edu,2021
S0504,Emily Brown,Female,2002-05-03,emily.brown0504@student.edu,2021
S0505,Ava Taylor,Female,2004-08-12,ava.taylor0505@student.edu,2021
S0506,Amelia Jones,Female,2004-11-12,amelia.jones0506@student.edu,2021
S0507,Noah Wilson,Male,2001-02-26,noah.wilson0507@student.edu,2022
S0508,Ethan Jones,Male,1999-05-14,ethan.jones0508@student.edu,2022
S0509,Ella Taylor,Female,2003-06-25,ella.taylor0509@student.edu,2024
S0510,Olivia Williams,Female,2003-04-06,olivia.williams0510@student.edu,2023
S0511,William Clark,Male,2002-12-20,william.clark0511@student.edu,2022
S0512,Noah Anderson,Male,2002-03-20,noah.anderson0512@student.edu,2023
S0513,William Johnson,Male,2002-08-04,william.johnson0513@student.edu,2022
S0514,Amelia Jones,Female,2003-08-10,amelia.jones0514@student.edu,2021
S0515,Alexander Walker,Male,2001-01-18,alexander.walker0515@student.edu,2020
S0516,Emily Martin,Female,1999-05-01,emily.martin0516@student.edu,2019
S0517,Ella Williams,Female,2005-04-10,ella.williams0517@student.edu,2022
S0518,Grace Taylor,Female,2002-01-19,grace.taylor0518@student.edu,2022
S0519,William Clark,Male,2002-07-01,william.clark0519@student.edu,2022
S0520,Isabella Brown,Female,2005-10-15,isabella.brown0520@student.edu,2023
S0521,Liam Wilson,Male,2002-06-02,liam.wilson0521@student.edu,2021
S0522,Alexander Anderson,Male,1999-06-11,alexander.anderson0522@student.edu,2022
S0523,Harper Jones,Female,2000-12-20,harper.jones0523@student.edu,2023
S0524,Amelia Taylor,Female,2005-08-22,amelia.taylor0524@student.edu,2023
S0525,Sophia Moore,Female,2005-06-24,sophia.moore0525@student.edu,2022
S0526,Grace Miller,Female,2005-11-19,grace.miller0526@student.edu,2022
S0527,Ethan Martin,Male,2001-07-24,ethan.martin0527@student.edu,2022
S0528,William Clark,Male,2001-10-17,william.clark0528@student.edu,2022
S0529,William Martin,Male,2003-07-02,william.martin0529@student.edu,2019
S0530,Oliver Brown,Male,1999-05-04,oliver.brown0530@student.edu,2021
S0531,Liam Johnson,Male,2000-06-28,liam.johnson0531@student.edu,2023
S0532,Charlotte Thomas,Female,2003-11-10,charlotte.thomas0532@student.edu,2021
S0533,Daniel Miller,Male,1999-09-25,daniel.miller0533@student.edu,2022
S0534,Ella Thomas,Female,2003-11-19,ella.thomas0534@student.edu,2022
S0535,Liam Thomas,Male,2005-03-15,liam.thomas0535@student.edu,2021
S0536,Grace Johnson,Female,2001-01-19,grace.johnson0536@student.edu,2021
S0537,Lucas Anderson,Male,2005-12-16,lucas.anderson0537@student.edu,2021
S0538,Emily Anderson,Female,2002-06-21,emily.anderson0538@student.edu,2020
S0539,Amelia Anderson,Female,2005-11-16,amelia.anderson0539@student.edu,2023
S0540,Isabella Thomas,Female,1999-02-07,isabella.thomas0540@student.edu,2020
S0541,Isabella Martin,Female,2005-10-07,isabella.martin0541@student.edu,2022
S0542,Ava Brown,Female,2001-02-04,ava.brown0542@student.edu,2021
S0543,Emily Wilson,Female,2002-10-25,emily.wilson0543@student.edu,2020
S0544,Ava Moore,Female,1999-03-15,ava.moore0544@student.edu,2023
S0545,Emma Walker,Female,2004-07-08,emma.walker0545@student.edu,2024
S0546,Olivia Martin,Female,2002-08-19,olivia.martin0546@student.edu,2022
S0547,Benjamin Davis,Male,2004-01-10,benjamin.davis0547@student.edu,2023
S0548,Michael Lee,Male,2005-09-04,michael.lee0548@student.edu,2022
S0549,Oliver Martin,Male,2004-08-20,oliver.martin0549@student.edu,2022
S0550,Lucas Davis,Male,2002-07-16,lucas.davis0550@student.edu,2023
S0551,Sophia Walker,Female,2001-03-15,sophia.walker0551@student.edu,2020
S0552,Ethan Brown,Male,2003-08-07,ethan.brown0552@student.edu,2022
S0553,James Jones,Male,2001-08-18,james.jones0553@student.edu,2021
S0554,Alexander Lee,Male,2005-03-10,alexander.lee0554@student.edu,2023
S0555,Lucas Thomas,Male,2004-07-05,lucas.thomas0555@student.edu,2021
S0556,Sophia Jones,Female,2004-09-12,sophia.jones0556@student.edu,2023
S0557,Alexander Walker,Male,2004-10-19,alexander.walker0557@student.edu,2020
S0558,Emma Jones,Female,2004-03-15,emma.jones0558@student.edu,2021
S0559,Benjamin Lee,Male,1999-03-20,benjamin.lee0559@student.edu,2021
S0560,Ethan Martin,Male,1999-11-12,ethan.martin0560@student.edu,2024
S0561,Charlotte Moore,Female,2005-10-22,charlotte.moore0561@student.edu,2022
S0562,Liam Clark,Male,2001-03-16,liam.clark0562@student.edu,2023
S0563,Charlotte Anderson,Female,1999-12-13,charlotte.anderson0563@student.edu,2021
S0564,Daniel Clark,Male,2003-01-14,daniel.clark0564@student.edu,2023
S0565,Charlotte Taylor,Female,2001-09-11,charlotte.taylor0565@student.edu,2023
S0566,Amelia Johnson,Female,2003-06-10,amelia.johnson0566@student.edu,2022
S0567,Grace Wilson,Female,2000-09-05,grace.wilson0567@student.edu,2023
S0568,Daniel Jones,Male,2001-06-24,daniel.jones0568@student.edu,2022
S0569,Henry Martin,Male,1999-08-18,henry.martin0569@student.edu,2022
S0570,Lucas Wilson,Male,2002-02-20,lucas.wilson0570@student.edu,2023
S0571,Benjamin Thomas,Male,1999-04-25,benjamin.thomas0571@student.edu,2023
S0572,Amelia Miller,Female,2005-07-01,amelia.miller0572@student.edu,2022
S0573,Ethan Johnson,Male,2005-03-25,ethan.johnson0573@student.edu,2021
S0574,Charlotte Wilson,Female,2002-12-16,charlotte.wilson0574@student.edu,2022
S0575,Ella Johnson,Female,1999-05-18,ella.johnson0575@student.edu,2023
S0576,Ava Walker,Female,2000-06-15,ava.walker0576@student.edu,2022
S0577,Lucas Thomas,Male,2002-01-23,lucas.thomas0577@student.edu,2023
S0578,Alexander Johnson,Male,1999-05-13,alexander.johnson0578@student.edu,2022
S0579,Amelia Anderson,Female,2000-10-27,amelia.anderson0579@student.edu,2022
S0580,Michael Martin,Male,2005-10-11,michael.martin0580@student.edu,2022
S0581,Isabella Brown,Female,2005-11-10,isabella.brown0581@student.edu,2021
S0582,Sophia Clark,Female,2001-02-24,sophia.clark0582@student.edu,2021
S0583,Lucas Taylor,Male,2004-03-09,lucas.taylor0583@student.edu,2021
S0584,Henry Miller,Male,2004-04-03,henry.miller0584@student.edu,2023
S0585,Daniel Taylor,Male,2001-10-21,daniel.taylor0585@student.edu,2023
S0586,Grace Walker,Female,2002-10-09,grace.walker0586@student.edu,2023
S0587,Emma Williams,Female,1999-02-22,emma.williams0587@student.edu,2021
S0588,Grace Taylor,Female,2002-12-10,grace.taylor0588@student.edu,2024
S0589,Sophia Lee,Female,2001-02-28,sophia.lee0589@student.edu,2021
S0590,Liam Williams,Male,2004-06-28,liam.williams0590@student.edu,2020
S0591,Emily Walker,Female,2005-03-24,emily.walker0591@student.edu,2022
S0592,Oliver Lee,Male,2000-06-01,oliver.lee0592@student.edu,2022
S0593,Benjamin Clark,Male,2003-07-05,benjamin.clark0593@student.edu,2021
S0594,Charlotte Walker,Female,2004-03-14,charlotte.walker0594@student.edu,2023
S0595,Charlotte Wilson,Female,1999-11-07,charlotte.wilson0595@student.edu,2021
S0596,Daniel Thomas,Male,2002-04-28,daniel.thomas0596@student.edu,2022
S0597,Harper Brown,Female,2002-08-13,harper.brown0597@student.edu,2023
S0598,James Williams,Male,2000-04-12,james.williams0598@student.edu,2023
S0599,Benjamin Johnson,Male,2005-01-28,benjamin.johnson0599@student.edu,2022
S0600,Ava Wilson,Female,2004-07-26,ava.wilson0600@student.edu,2022
S0601,Emily Moore,Female,2003-09-20,emily.moore0601@student.edu,2020
S0602,Oliver Johnson,Male,1999-06-28,oliver.johnson0602@student.edu,2021
S0603,Grace Clark,Female,2000-03-20,grace.clark0603@student.edu,2019
S0604,Noah Moore,Male,1999-04-12,noah.moore0604@student.edu,2022
S0605,Emily Lee,Female,2001-06-25,emily.lee0605@student.edu,2020
S0606,Emily Clark,Female,2002-07-24,emily.clark0606@student.edu,2023
S0607,Emma Clark,Female,2004-04-04,emma.clark0607@student.edu,2022
S0608,Noah Johnson,Male,1999-05-13,noah.johnson0608@student.edu,2022
S0609,Emma Jones,Female,2004-05-12,emma.jones0609@student.edu,2023
S0610,Grace Johnson,Female,2000-07-07,grace.johnson0610@student.edu,2021
S0611,Alexander Wilson,Male,2003-06-17,alexander.wilson0611@student.edu,2023
S0612,Benjamin Thomas,Male,2002-12-27,benjamin.thomas0612@student.edu,2022
S0613,Benjamin Walker,Male,2001-05-17,benjamin.walker0613@student.edu,2021
S0614,Liam Williams,Male,2000-08-08,liam.williams0614@student.edu,2022
S0615,Oliver Jones,Male,2000-07-22,oliver.jones0615@student.edu,2020
S0616,Alexander Thomas,Male,2004-09-10,alexander.thomas0616@student.edu,2022
S0617,Amelia Anderson,Female,2005-05-20,amelia.anderson0617@student.edu,2022
S0618,Lucas Lee,Male,2004-12-07,lucas.lee0618@student.edu,2023
S0619,Alexander Lee,Male,2001-06-28,alexander.lee0619@student.edu,2021
S0620,Olivia Martin,Female,2000-01-25,olivia.martin0620@student.edu,2023
S0621,Liam Thomas,Male,1999-05-16,liam.thomas0621@student.edu,2020
S0622,Emma Brown,Female,2004-06-05,emma.brown0622@student.edu,2022
S0623,Amelia Martin,Female,2005-02-02,amelia.martin0623@student.edu,2023
S0624,Alexander Davis,Male,2005-05-19,alexander.davis0624@student.edu,2020
S0625,Benjamin Davis,Male,2005-09-28,benjamin.davis0625@student.edu,2023
S0626,Sophia Lee,Female,2001-11-16,sophia.lee0626@student.edu,2023
S0627,Ella Thomas,Female,1999-12-01,ella.thomas0627@student.edu,2023
S0628,Emily Walker,Female,2001-08-02,emily.walker0628@student.edu,2021
S0629,Emma Jones,Female,1999-09-13,emma.jones0629@student.edu,2021
S0630,Amelia Brown,Female,2003-04-26,amelia.brown0630@student.edu,2021
S0631,Harper Jones,Female,2002-02-06,harper.jones0631@student.edu,2023
S0632,Emma Clark,Female,2002-09-16,emma.clark0632@student.edu,2023
S0633,Grace Lee,Female,2003-08-24,grace.lee0633@student.edu,2023
S0634,Grace Anderson,Female,2003-10-10,grace.anderson0634@student.edu,2021
S0635,Ella Thomas,Female,2004-02-23,ella.thomas0635@student.edu,2023
S0636,Henry Walker,Male,2000-05-14,henry.walker0636@student.edu,2023
S0637,James Wilson,Male,2005-10-09,james.wilson0637@student.edu,2022
S0638,Alexander Miller,Male,1999-04-17,alexander.miller0638@student.edu,2022
S0639,Oliver Taylor,Male,2003-11-20,oliver.taylor0639@student.edu,2023
S0640,Ava Martin,Female,2001-04-03,ava.martin0640@student.edu,2022
S0641,Benjamin Anderson,Male,2000-10-27,benjamin.anderson0641@student.edu,2024
S0642,William Williams,Male,2005-04-18,william.williams0642@student.edu,2022
S0643,Lucas Walker,Male,2005-07-23,lucas.walker0643@student.edu,2021
S0644,Emma Walker,Female,2000-02-05,emma.walker0644@student.edu,2022
S0645,Amelia Miller,Female,2005-06-24,amelia.miller0645@student.edu,2023
S0646,Sophia Moore,Female,1999-01-02,sophia.moore0646@student.edu,2022
S0647,James Moore,Male,2002-02-14,james.moore0647@student.edu,2022
S0648,Ethan Moore,Male,2001-11-06,ethan.moore0648@student.edu,2020
S0649,Henry Lee,Male,1999-02-08,henry.lee0649@student.edu,2022
S0650,Emma Jones,Female,2004-04-20,emma.jones0650@student.edu,2023
S0651,Benjamin Lee,Male,2003-08-28,benjamin.lee0651@student.edu,2021
S0652,James Wilson,Male,2000-06-01,james.wilson0652@student.edu,2022
S0653,Ava Thomas,Female,2003-09-06,ava.thomas0653@student.edu,2023
S0654,Lucas Lee,Male,1999-06-11,lucas.lee0654@student.edu,2021
S0655,Sophia Brown,Female,2001-01-25,sophia.brown0655@student.edu,2022
S0656,Noah Walker,Male,2001-02-09,noah.walker0656@student.edu,2020
S0657,Ava Thomas,Female,1999-01-10,ava.thomas0657@student.edu,2023
S0658,Noah Brown,Male,2002-09-28,noah.brown0658@student.edu,2022
S0659,Isabella Wilson,Female,2004-12-09,isabella.wilson0659@student.edu,2019
S0660,Olivia Martin,Female,2004-03-03,olivia.martin0660@student.edu,2022
S0661,Benjamin Moore,Male,2005-01-02,benjamin.moore0661@student.edu,2022
S0662,Michael Anderson,Male,2000-10-01,michael.anderson0662@student.edu,2023
S0663,Ella Williams,Female,2004-02-06,ella.williams0663@student.edu,2019
S0664,James Walker,Male,2003-04-11,james.walker0664@student.edu,2022
S0665,Henry Anderson,Male,2001-09-23,henry.anderson0665@student.edu,2022
S0666,Harper Jones,Female,2004-04-22,harper.jones0666@student.edu,2023
S0667,Emily Williams,Female,2004-04-02,emily.williams0667@student.edu,2022
S0668,Ella Jones,Female,2003-11-16,ella.jones0668@student.edu,2021
S0669,James Lee,Male,2000-02-19,james.lee0669@student.edu,2022
S0670,Noah Jones,Male,2001-06-09,noah.jones0670@student.edu,2024
S0671,Emma Wilson,Female,1999-03-05,emma.wilson0671@student.edu,2020
S0672,Amelia Lee,Female,2002-12-11,amelia.lee0672@student.edu,2020
S0673,Mia Davis,Female,2001-03-23,mia.davis0673@student.edu,2019
S0674,Alexander Moore,Male,2001-05-09,alexander.moore0674@student.edu,2023
S0675,Henry Johnson,Male,1999-06-23,henry.johnson0675@student.edu,2022
S0676,Alexander Clark,Male,1999-10-21,alexander.clark0676@student.edu,2022
S0677,Sophia Martin,Female,1999-01-23,sophia.martin0677@student.edu,2021
S0678,Emma Johnson,Female,2004-05-01,emma.johnson0678@student.edu,2022
S0679,Ethan Johnson,Male,2005-05-27,ethan.johnson0679@student.edu,2023
S0680,Emma Williams,Female,2001-02-26,emma.williams0680@student.edu,2022
S0681,Daniel Lee,Male,2000-01-03,daniel.lee0681@student.edu,2022
S0682,Amelia Jones,Female,2005-11-10,amelia.jones0682@student.edu,2021
S0683,Mia Williams,Female,2000-12-12,mia.williams0683@student.edu,2022
S0684,Ella Williams,Female,2003-04-08,ella.williams0684@student.edu,2023
S0685,Sophia Wilson,Female,2005-03-12,sophia.wilson0685@student.edu,2024
S0686,William Lee,Male,2001-11-16,william.lee0686@student.edu,2019
S0687,Ethan Brown,Male,1999-07-12,ethan.brown0687@student.edu,2023
S0688,Ella Thomas,Female,2001-11-28,ella.thomas0688@student.edu,2021
S0689,Ethan Davis,Male,2001-11-06,ethan.davis0689@student.edu,2023
S0690,Ava Lee,Female,2001-11-21,ava.lee0690@student.edu,2023
S0691,Alexander Jones,Male,2000-08-11,alexander.jones0691@student.edu,2022
S0692,Liam Johnson,Male,2004-05-09,liam.johnson0692@student.edu,2022
S0693,Sophia Clark,Female,2003-05-21,sophia.clark0693@student.edu,2023
S0694,Harper Anderson,Female,2000-12-24,harper.anderson0694@student.edu,2022
S0695,Emma Lee,Female,2002-06-22,emma.lee0695@student.edu,2023
S0696,Noah Taylor,Male,2002-12-07,noah.taylor0696@student.edu,2022
S0697,Oliver Thomas,Male,2004-03-17,oliver.thomas0697@student.edu,2023
S0698,Emily Anderson,Female,2002-05-07,emily.anderson0698@student.edu,2023
S0699,Benjamin Davis,Male,2005-12-12,benjamin.davis0699@student.edu,2022
S0700,Lucas Wilson,Male,2004-08-08,lucas.wilson0700@student.edu,2022
S0701,Noah Miller,Male,2005-05-04,noah.miller0701@student.edu,2022
S0702,Liam Miller,Male,2001-06-20,liam.miller0702@student.edu,2023
S0703,Ava Wilson,Female,2003-11-06,ava.wilson0703@student.edu,2023
S0704,Liam Martin,Male,2003-04-06,liam.martin0704@student.edu,2022
S0705,Sophia Thomas,Female,2002-05-07,sophia.thomas0705@student.edu,2023
S0706,Henry Lee,Male,2002-07-28,henry.lee0706@student.edu,2021
S0707,Lucas Brown,Male,2005-06-16,lucas.brown0707@student.edu,2023
S0708,Sophia Taylor,Female,2004-10-11,sophia.taylor0708@student.edu,2022
S0709,Michael Brown,Male,2002-05-28,michael.brown0709@student.edu,2023
S0710,Grace Moore,Female,2001-11-23,grace.moore0710@student.edu,2022
S0711,Ava Martin,Female,2003-01-24,ava.martin0711@student.edu,2021
S0712,Harper Walker,Female,2004-01-10,harper.walker0712@student.edu,2023
S0713,Emma Williams,Female,2004-10-02,emma.williams0713@student.edu,2021
S0714,Oliver Walker,Male,2000-10-28,oliver.walker0714@student.edu,2021
S0715,Michael Wilson,Male,2004-12-03,michael.wilson0715@student.edu,2024
S0716,Amelia Brown,Female,2000-08-15,amelia.brown0716@student.edu,2022
S0717,Michael Moore,Male,2001-07-26,michael.moore0717@student.edu,2021
S0718,Harper Johnson,Female,2001-11-02,harper.johnson0718@student.edu,2022
S0719,Harper Anderson,Female,2001-08-03,harper.anderson0719@student.edu,2021
S0720,Michael Davis,Male,1999-02-01,michael.davis0720@student.edu,2023
S0721,Henry Johnson,Male,2005-01-04,henry.johnson0721@student.edu,2022
S0722,Ethan Johnson,Male,2005-05-25,ethan.johnson0722@student.edu,2023
S0723,Isabella Wilson,Female,2002-06-05,isabella.wilson0723@student.edu,2020
S0724,Harper Miller,Female,2002-02-05,harper.miller0724@student.edu,2021
S0725,Charlotte Thomas,Female,2002-05-02,charlotte.thomas0725@student.edu,2023
S0726,Daniel Wilson,Male,2001-12-09,daniel.wilson0726@student.edu,2024
S0727,Henry Thomas,Male,2004-04-17,henry.thomas0727@student.edu,2020
S0728,Alexander Wilson,Male,2005-11-27,alexander.wilson0728@student.edu,2021
S0729,Alexander Martin,Male,2001-09-17,alexander.martin0729@student.edu,2021
S0730,Daniel Martin,Male,2001-10-12,daniel.martin0730@student.edu,2020
S0731,Ava Thomas,Female,2003-12-27,ava.thomas0731@student.edu,2022
S0732,Emily Anderson,Female,2005-05-22,emily.anderson0732@student.edu,2022
S0733,Emily Walker,Female,1999-03-02,emily.walker0733@student.edu,2023
S0734,Charlotte Wilson,Female,2002-06-20,charlotte.wilson0734@student.edu,2022
S0735,Isabella Walker,Female,2004-01-27,isabella.walker0735@student.edu,2022
S0736,Ava Thomas,Female,2003-09-27,ava.thomas0736@student.edu,2022
S0737,Ava Martin,Female,2003-08-11,ava.martin0737@student.edu,2023
S0738,Ella Jones,Female,2004-12-05,ella.jones0738@student.edu,2022
S0739,Benjamin Clark,Male,2003-02-26,benjamin.clark0739@student.edu,2022
S0740,William Clark,Male,2002-01-26,william.clark0740@student.edu,2024
S0741,Olivia Lee,Female,2001-03-23,olivia.lee0741@student.edu,2023
S0742,Oliver Moore,Male,1999-06-13,oliver.moore0742@student.edu,2023
S0743,Amelia Martin,Female,2004-11-16,amelia.martin0743@student.edu,2022
S0744,Benjamin Williams,Male,2004-07-25,benjamin.williams0744@student.edu,2024
S0745,Harper Clark,Female,2003-05-26,harper.clark0745@student.edu,2020
S0746,Daniel Jones,Male,2003-04-05,daniel.jones0746@student.edu,2021
S0747,Oliver Moore,Male,2002-06-24,oliver.moore0747@student.edu,2022
S0748,Olivia Anderson,Female,2003-04-18,olivia.anderson0748@student.edu,2023
S0749,Ava Walker,Female,2002-02-19,ava.walker0749@student.edu,2022
S0750,Amelia Clark,Female,2002-04-27,amelia.clark0750@student.edu,2024
S0751,Isabella Davis,Female,2003-08-27,isabella.davis0751@student.edu,2022
S0752,Olivia Clark,Female,2005-03-03,olivia.clark0752@student.edu,2023
S0753,Sophia Brown,Female,1999-10-13,sophia.brown0753@student.edu,2020
S0754,Noah Moore,Male,1999-03-03,noah.moore0754@student.edu,2023
S0755,Henry Jones,Male,2001-03-21,henry.jones0755@student.edu,2022
S0756,Grace Johnson,Female,2004-06-01,grace.johnson0756@student.edu,2021
S0757,Daniel Lee,Male,2005-02-06,daniel.lee0757@student.edu,2024
S0758,Charlotte Walker,Female,2003-08-14,charlotte.walker0758@student.edu,2023
S0759,Sophia Williams,Female,2005-01-12,sophia.williams0759@student.edu,2023
S0760,Michael Martin,Male,2005-03-04,michael.martin0760@student.edu,2022
S0761,Lucas Johnson,Male,2002-04-16,lucas.johnson0761@student.edu,2022
S0762,Oliver Moore,Male,2003-05-01,oliver.moore0762@student.edu,2021
S0763,Ethan Clark,Male,2001-09-16,ethan.clark0763@student.edu,2019
S0764,James Miller,Male,2000-03-20,james.miller0764@student.edu,2022
S0765,Lucas Wilson,Male,2003-03-27,lucas.wilson0765@student.edu,2020
S0766,Michael Lee,Male,2004-01-26,michael.lee0766@student.edu,2022
S0767,Charlotte Davis,Female,2001-01-25,charlotte.davis0767@student.edu,2022
S0768,Grace Taylor,Female,2003-03-24,grace.taylor0768@student.edu,2022
S0769,Michael Williams,Male,2002-03-10,michael.williams0769@student.edu,2023
S0770,Olivia Brown,Female,2005-04-14,olivia.brown0770@student.edu,2023
S0771,Alexander Clark,Male,2001-08-05,alexander.clark0771@student.edu,2021
S0772,Benjamin Thomas,Male,2003-12-25,benjamin.thomas0772@student.edu,2022
S0773,Oliver Wilson,Male,2000-04-15,oliver.wilson0773@student.edu,2023
S0774,Noah Davis,Male,1999-10-06,noah.davis0774@student.edu,2023
S0775,Grace Taylor,Female,1999-06-18,grace.taylor0775@student.edu,2021
S0776,Grace Davis,Female,2001-08-08,grace.davis0776@student.edu,2021
S0777,Grace Jones,Female,1999-11-10,grace.jones0777@student.edu,2020
S0778,Charlotte Anderson,Female,2002-03-13,charlotte.anderson0778@student.edu,2023
S0779,Ella Taylor,Female,1999-03-13,ella.taylor0779@student.edu,2023
S0780,Mia Lee,Female,2005-03-18,mia.lee0780@student.edu,2021
S0781,Grace Walker,Female,1999-04-17,grace.walker0781@student.edu,2020
S0782,William Johnson,Male,2000-04-07,william.johnson0782@student.edu,2022
S0783,Alexander Williams,Male,2001-01-13,alexander.williams0783@student.edu,2023
S0784,Henry Thomas,Male,2002-02-06,henry.thomas0784@student.edu,2022
S0785,Lucas Moore,Male,2004-11-11,lucas.moore0785@student.edu,2023
S0786,Charlotte Wilson,Female,2003-08-17,charlotte.wilson0786@student.edu,2022
S0787,Mia Martin,Female,2004-07-06,mia.martin0787@student.edu,2022
S0788,Michael Thomas,Male,2001-04-28,michael.thomas0788@student.edu,2023
S0789,Noah Miller,Male,2005-10-22,noah.miller0789@student.edu,2023
S0790,Mia Wilson,Female,2005-08-24,mia.wilson0790@student.edu,2024
S0791,Noah Brown,Male,2005-03-01,noah.brown0791@student.edu,2024
S0792,Henry Taylor,Male,2000-11-20,henry.taylor0792@student.edu,2022
S0793,Ella Williams,Female,2000-03-19,ella.williams0793@student.edu,2020
S0794,Sophia Thomas,Female,2003-08-21,sophia.thomas0794@student.edu,2022
S0795,Olivia Davis,Female,2000-09-03,olivia.davis0795@student.edu,2023
S0796,Grace Johnson,Female,2003-07-02,grace.johnson0796@student.edu,2023
S0797,Daniel Miller,Male,2001-02-28,daniel.miller0797@student.edu,2019
S0798,Harper Martin,Female,2005-08-16,harper.martin0798@student.edu,2023
S0799,Emma Williams,Female,2005-05-01,emma.williams0799@student.edu,2019
S0800,Ella Brown,Female,2005-08-17,ella.brown0800@student.edu,2022
S0801,Charlotte Clark,Female,1999-12-09,charlotte.clark0801@student.edu,2023
S0802,Isabella Miller,Female,2005-05-17,isabella.miller0802@student.edu,2020
S0803,Emily Miller,Female,2001-05-16,emily.miller0803@student.edu,2023
S0804,Michael Martin,Male,2001-07-02,michael.martin0804@student.edu,2022
S0805,Alexander Jones,Male,2003-06-04,alexander.jones0805@student.edu,2021
S0806,Daniel Martin,Male,1999-10-07,daniel.martin0806@student.edu,2021
S0807,Ethan Walker,Male,2000-10-28,ethan.walker0807@student.edu,2020
S0808,Mia Walker,Female,2002-07-24,mia.walker0808@student.edu,2022
S0809,Emily Thomas,Female,2003-12-10,emily.thomas0809@student.edu,2020
S0810,Sophia Williams,Female,2004-09-28,sophia.williams0810@student.edu,2020
S0811,Daniel Martin,Male,1999-09-26,daniel.martin0811@student.edu,2022
S0812,Emma Walker,Female,2005-10-28,emma.walker0812@student.edu,2022
S0813,Olivia Anderson,Female,1999-11-17,olivia.anderson0813@student.edu,2022
S0814,Lucas Thomas,Male,2000-11-24,lucas.thomas0814@student.edu,2020
S0815,Liam Clark,Male,2001-05-27,liam.clark0815@student.edu,2021
S0816,William Miller,Male,2005-03-12,william.miller0816@student.edu,2020
S0817,Emma Clark,Female,1999-11-19,emma.clark0817@student.edu,2022
S0818,Liam Davis,Male,2002-03-01,liam.davis0818@student.edu,2023
S0819,William Clark,Male,2004-09-14,william.clark0819@student.edu,2022
S0820,Mia Wilson,Female,2004-12-28,mia.wilson0820@student.edu,2021
S0821,Ella Anderson,Female,1999-12-06,ella.anderson0821@student.edu,2022
S0822,Ella Taylor,Female,1999-03-01,ella.taylor0822@student.edu,2020
S0823,Ava Williams,Female,2002-03-09,ava.williams0823@student.edu,2023
S0824,Emma Jones,Female,2005-09-09,emma.jones0824@student.edu,2023
S0825,Sophia Brown,Female,2004-01-02,sophia.brown0825@student.edu,2022
S0826,Emily Lee,Female,2005-11-04,emily.lee0826@student.edu,2022
S0827,Emily Jones,Female,1999-01-25,emily.jones0827@student.edu,2021
S0828,Alexander Taylor,Male,2003-10-25,alexander.taylor0828@student.edu,2021
S0829,Emily Brown,Female,2005-03-13,emily.brown0829@student.edu,2022
S0830,William Jones,Male,2003-03-21,william.jones0830@student.edu,2022
S0831,Benjamin Taylor,Male,2004-03-08,benjamin.taylor0831@student.edu,2021
S0832,Isabella Jones,Female,2002-02-22,isabella.jones0832@student.edu,2022
S0833,Emily Clark,Female,2004-09-17,emily.clark0833@student.edu,2022
S0834,Henry Walker,Male,2002-08-17,henry.walker0834@student.edu,2022
S0835,Sophia Taylor,Female,2002-10-10,sophia.taylor0835@student.edu,2019
S0836,Mia Thomas,Female,2004-10-09,mia.thomas0836@student.edu,2024
S0837,Mia Moore,Female,2005-03-27,mia.moore0837@student.edu,2023
S0838,Noah Clark,Male,2003-02-20,noah.clark0838@student.edu,2021
S0839,Lucas Walker,Male,2005-01-27,lucas.walker0839@student.edu,2020
S0840,William Moore,Male,2005-03-24,william.moore0840@student.edu,2022
S0841,Benjamin Walker,Male,1999-03-04,benjamin.walker0841@student.edu,2021
S0842,Mia Thomas,Female,2003-02-28,mia.thomas0842@student.edu,2022
S0843,Grace Clark,Female,2000-08-16,grace.clark0843@student.edu,2020
S0844,William Davis,Male,2004-12-27,william.davis0844@student.edu,2019
S0845,William Williams,Male,1999-05-12,william.williams0845@student.edu,2022
S0846,Sophia Moore,Female,2004-12-11,sophia.moore0846@student.edu,2023
S0847,Grace Taylor,Female,2000-04-23,grace.taylor0847@student.edu,2022
S0848,Lucas Brown,Male,1999-02-05,lucas.brown0848@student.edu,2022
S0849,Charlotte Johnson,Female,2003-05-03,charlotte.johnson0849@student.edu,2023
S0850,Alexander Wilson,Male,2001-05-07,alexander.wilson0850@student.edu,2019
S0851,Amelia Martin,Female,2003-06-20,amelia.martin0851@student.edu,2023
S0852,Lucas Davis,Male,2002-01-22,lucas.davis0852@student.edu,2023
S0853,Harper Moore,Female,1999-05-03,harper.moore0853@student.edu,2022
S0854,Oliver Wilson,Male,2004-05-01,oliver.wilson0854@student.edu,2021
S0855,Henry Walker,Male,1999-08-26,henry.walker0855@student.edu,2021
S0856,Ella Jones,Female,2004-05-21,ella.jones0856@student.edu,2022
S0857,Olivia Davis,Female,1999-02-13,olivia.davis0857@student.edu,2022
S0858,Ethan Moore,Male,2001-04-19,ethan.moore0858@student.edu,2022
S0859,Olivia Williams,Female,2000-03-24,olivia.williams0859@student.edu,2021
S0860,Michael Thomas,Male,2003-10-21,michael.thomas0860@student.edu,2022
S0861,Mia Taylor,Female,1999-10-19,mia.taylor0861@student.edu,2021
S0862,Daniel Wilson,Male,1999-07-18,daniel.wilson0862@student.edu,2023
S0863,Benjamin Williams,Male,2001-11-13,benjamin.williams0863@student.edu,2022
S0864,Ethan Clark,Male,2005-12-08,ethan.clark0864@student.edu,2022
S0865,William Clark,Male,2005-04-26,william.clark0865@student.edu,2024
S0866,Liam Taylor,Male,2000-04-05,liam.taylor0866@student.edu,2019
S0867,Olivia Thomas,Female,2004-08-19,olivia.thomas0867@student.edu,2022
S0868,James Martin,Male,2005-05-07,james.martin0868@student.edu,2020
S0869,Ethan Williams,Male,2000-07-14,ethan.williams0869@student.edu,2023
S0870,Ava Clark,Female,2004-07-15,ava.clark0870@student.edu,2021
S0871,Oliver Brown,Male,2003-12-23,oliver.brown0871@student.edu,2021
S0872,Grace Anderson,Female,2003-10-16,grace.anderson0872@student.edu,2023
S0873,Isabella Walker,Female,2003-12-19,isabella.walker0873@student.edu,2021
S0874,Harper Davis,Female,2005-06-11,harper.davis0874@student.edu,2021
S0875,Henry Anderson,Male,2005-11-19,henry.anderson0875@student.edu,2024
S0876,Liam Walker,Male,1999-01-26,liam.walker0876@student.edu,2023
S0877,Alexander Thomas,Male,1999-02-27,alexander.thomas0877@student.edu,2022
S0878,William Davis,Male,2000-03-10,william.davis0878@student.edu,2024
S0879,Isabella Miller,Female,2005-12-03,isabella.miller0879@student.edu,2021
S0880,William Johnson,Male,2003-05-09,william.johnson0880@student.edu,2020
S0881,Michael Davis,Male,2002-12-05,michael.davis0881@student.edu,2022
S0882,Ethan Lee,Male,2004-11-01,ethan.lee0882@student.edu,2023
S0883,Charlotte Clark,Female,1999-02-21,charlotte.clark0883@student.edu,2023
S0884,Emily Anderson,Female,2000-10-19,emily.anderson0884@student.edu,2024
S0885,Isabella Brown,Female,2001-11-21,isabella.brown0885@student.edu,2022
S0886,Henry Lee,Male,2005-10-21,henry.lee0886@student.edu,2022
S0887,Alexander Williams,Male,2002-10-22,alexander.williams0887@student.edu,2021
S0888,Mia Davis,Female,2004-11-08,mia.davis0888@student.edu,2023
S0889,Harper Davis,Female,2001-06-13,harper.davis0889@student.edu,2022
S0890,Daniel Davis,Male,2005-01-11,daniel.davis0890@student.edu,2023
S0891,Charlotte Anderson,Female,2000-12-01,charlotte.anderson0891@student.edu,2023
S0892,Michael Moore,Male,2004-11-07,michael.moore0892@student.edu,2023
S0893,Daniel Jones,Male,1999-01-28,daniel.jones0893@student.edu,2023
S0894,Lucas Davis,Male,2005-11-23,lucas.davis0894@student.edu,2023
S0895,Lucas Moore,Male,1999-08-09,lucas.moore0895@student.edu,2022
S0896,Ava Anderson,Female,1999-02-12,ava.anderson0896@student.edu,2023
S0897,James Thomas,Male,2005-05-09,james.thomas0897@student.edu,2022
S0898,Benjamin Miller,Male,1999-11-12,benjamin.miller0898@student.edu,2023
S0899,James Walker,Male,2004-09-17,james.walker0899@student.edu,2022
S0900,James Taylor,Male,2001-06-17,james.taylor0900@student.edu,2022
S0901,James Wilson,Male,2000-04-25,james.wilson0901@student.edu,2022
S0902,Sophia Johnson,Female,2005-05-14,sophia.johnson0902@student.edu,2023
S0903,Oliver Anderson,Male,1999-02-11,oliver.anderson0903@student.edu,2024
S0904,Grace Williams,Female,2000-09-28,grace.williams0904@student.edu,2023
S0905,Mia Martin,Female,1999-11-04,mia.martin0905@student.edu,2022
S0906,William Thomas,Male,2002-11-13,william.thomas0906@student.edu,2020
S0907,Amelia Davis,Female,2004-03-23,amelia.davis0907@student.edu,2020
S0908,Michael Walker,Male,1999-08-17,michael.walker0908@student.edu,2022
S0909,Charlotte Davis,Female,2003-06-01,charlotte.davis0909@student.edu,2022
S0910,Ethan Miller,Male,1999-02-20,ethan.miller0910@student.edu,2023
S0911,Oliver Williams,Male,2001-11-11,oliver.williams0911@student.edu,2023
S0912,Ethan Johnson,Male,2001-01-18,ethan.johnson0912@student.edu,2021
S0913,Daniel Lee,Male,2005-01-05,daniel.lee0913@student.edu,2022
S0914,Charlotte Jones,Female,2002-05-24,charlotte.jones0914@student.edu,2023
S0915,Michael Walker,Male,2003-12-23,michael.walker0915@student.edu,2019
S0916,Michael Johnson,Male,2003-09-08,michael.johnson0916@student.edu,2021
S0917,Liam Johnson,Male,2000-08-13,liam.johnson0917@student.edu,2022
S0918,Isabella Johnson,Female,2000-10-21,isabella.johnson0918@student.edu,2023
S0919,Emma Martin,Female,2003-07-13,emma.martin0919@student.edu,2020
S0920,Oliver Moore,Male,2004-06-05,oliver.moore0920@student.edu,2023
S0921,Sophia Walker,Female,2004-06-18,sophia.walker0921@student.edu,2024
S0922,Harper Taylor,Female,2001-05-15,harper.taylor0922@student.edu,2022
S0923,Isabella Clark,Female,2005-09-08,isabella.clark0923@student.edu,2023
S0924,Harper Wilson,Female,2001-12-19,harper.wilson0924@student.edu,2022
S0925,Ethan Anderson,Male,2004-07-04,ethan.anderson0925@student.edu,2024
S0926,Liam Williams,Male,2000-06-02,liam.williams0926@student.edu,2021
S0927,Olivia Walker,Female,2002-04-25,olivia.walker0927@student.edu,2020
S0928,Olivia Thomas,Female,2002-12-08,olivia.thomas0928@student.edu,2023
S0929,Ella Clark,Female,2000-06-13,ella.clark0929@student.edu,2023
S0930,Sophia Moore,Female,2003-12-12,sophia.moore0930@student.edu,2021
S0931,Alexander Clark,Male,2005-07-28,alexander.clark0931@student.edu,2020
S0932,Harper Clark,Female,2001-11-28,harper.clark0932@student.edu,2021
S0933,Grace Brown,Female,2000-10-11,grace.brown0933@student.edu,2023
S0934,Grace Taylor,Female,2005-03-10,grace.taylor0934@student.edu,2019
S0935,Ava Thomas,Female,2003-03-06,ava.thomas0935@student.edu,2023
S0936,Liam Martin,Male,2005-07-25,liam.martin0936@student.edu,2022
S0937,Amelia Miller,Female,2005-11-28,amelia.miller0937@student.edu,2021
S0938,Ava Clark,Female,1999-02-21,ava.clark0938@student.edu,2022
S0939,James Clark,Male,2003-01-14,james.clark0939@student.edu,2022
S0940,Mia Brown,Female,1999-01-26,mia.brown0940@student.edu,2023
S0941,Ava Clark,Female,2001-09-07,ava.clark0941@student.edu,2023
S0942,Liam Taylor,Male,2005-03-05,liam.taylor0942@student.edu,2024
S0943,Noah Walker,Male,2001-11-01,noah.walker0943@student.edu,2019
S0944,Liam Taylor,Male,2003-11-20,liam.taylor0944@student.edu,2021
S0945,Emma Davis,Female,2001-05-08,emma.davis0945@student.edu,2024
S0946,Amelia Moore,Female,2003-04-22,amelia.moore0946@student.edu,2021
S0947,Lucas Wilson,Male,2000-08-15,lucas.wilson0947@student.edu,2023
S0948,James Martin,Male,2002-10-21,james.martin0948@student.edu,2023
S0949,Ella Clark,Female,2003-10-09,ella.clark0949@student.edu,2023
S0950,Ethan Brown,Male,2000-01-24,ethan.brown0950@student.edu,2023
S0951,Ella Walker,Female,2005-12-08,ella.walker0951@student.edu,2023
S0952,Ella Jones,Female,2000-08-10,ella.jones0952@student.edu,2022
S0953,Emma Thomas,Female,2004-01-10,emma.thomas0953@student.edu,2022
S0954,Michael Jones,Male,2001-10-09,michael.jones0954@student.edu,2022
S0955,Harper Anderson,Female,2004-08-07,harper.anderson0955@student.edu,2021
S0956,Grace Johnson,Female,2003-09-05,grace.johnson0956@student.edu,2023
S0957,Ethan Johnson,Male,2001-04-08,ethan.johnson0957@student.edu,2023
S0958,Alexander Clark,Male,1999-11-24,alexander.clark0958@student.edu,2023
S0959,Emma Clark,Female,2002-06-18,emma.clark0959@student.edu,2024
S0960,Daniel Brown,Male,2000-06-20,daniel.brown0960@student.edu,2022
S0961,Ethan Clark,Male,2004-03-10,ethan.clark0961@student.edu,2021
S0962,Amelia Wilson,Female,1999-09-26,amelia.wilson0962@student.edu,2023
S0963,Charlotte Johnson,Female,2003-10-03,charlotte.johnson0963@student.edu,2021
S0964,Emily Moore,Female,2005-09-23,emily.moore0964@student.edu,2024
S0965,Grace Williams,Female,2005-02-16,grace.williams0965@student.edu,2023
S0966,Emily Jones,Female,2003-10-16,emily.jones0966@student.edu,2020
S0967,Emma Jones,Female,2000-09-06,emma.jones0967@student.edu,2020
S0968,Henry Jones,Male,2001-11-01,henry.jones0968@student.edu,2020
S0969,Emily Walker,Female,2003-05-14,emily.walker0969@student.edu,2023
S0970,William Davis,Male,2005-09-27,william.davis0970@student.edu,2020
S0971,Lucas Miller,Male,1999-08-01,lucas.miller0971@student.edu,2023
S0972,Henry Thomas,Male,2003-01-16,henry.thomas0972@student.edu,2022
S0973,Amelia Martin,Female,2002-07-19,amelia.martin0973@student.edu,2021
S0974,Liam Walker,Male,1999-10-09,liam.walker0974@student.edu,2023
S0975,Harper Wilson,Female,2002-12-24,harper.wilson0975@student.edu,2022
S0976,Daniel Thomas,Male,1999-08-26,daniel.thomas0976@student.edu,2022
S0977,Grace Davis,Female,2000-06-07,grace.davis0977@student.edu,2021
S0978,Grace Taylor,Female,2000-06-18,grace.taylor0978@student.edu,2023
S0979,Olivia Moore,Female,1999-08-26,olivia.moore0979@student.edu,2023
S0980,Isabella Martin,Female,2001-06-09,isabella.martin0980@student.edu,2022
S0981,Charlotte Martin,Female,2003-04-20,charlotte.martin0981@student.edu,2022
S0982,Sophia Taylor,Female,2000-10-05,sophia.taylor0982@student.edu,2024
S0983,Harper Brown,Female,2002-09-19,harper.brown0983@student.edu,2021
S0984,Benjamin Davis,Male,2000-09-26,benjamin.davis0984@student.edu,2024
S0985,Michael Johnson,Male,2002-04-11,michael.johnson0985@student.edu,2023
S0986,Ava Lee,Female,2005-05-27,ava.lee0986@student.edu,2019
S0987,Ethan Walker,Male,2001-01-23,ethan.walker0987@student.edu,2022
S0988,Grace Clark,Female,2004-04-20,grace.clark0988@student.edu,2022
S0989,James Wilson,Male,2005-12-11,james.wilson0989@student.edu,2021
S0990,Mia Wilson,Female,2002-08-02,mia.wilson0990@student.edu,2023
S0991,James Miller,Male,1999-10-09,james.miller0991@student.edu,2022
S0992,Henry Clark,Male,2002-01-18,henry.clark0992@student.edu,2021
S0993,William Martin,Male,2005-06-05,william.martin0993@student.edu,2023
S0994,Emma Moore,Female,2001-09-14,emma.moore0994@student.edu,2023
S0995,Benjamin Anderson,Male,2004-01-24,benjamin.anderson0995@student.edu,2022
S0996,Emily Williams,Female,2004-01-21,emily.williams0996@student.edu,2024
S0997,Benjamin Clark,Male,2004-10-24,benjamin.clark0997@student.edu,2022
S0998,Michael Lee,Male,2001-01-09,michael.lee0998@student.edu,2023
S0999,Noah Lee,Male,2001-12-07,noah.lee0999@student.edu,2022
S1000,William Lee,Male,2002-11-28,william.lee1000@student.edu,2023
